sp	matK	rbcL	ndhF	trnL-F	ITS
2764	FAIL	FAIL	FAIL	FAIL	FAIL	
3536	FAIL	FAIL	FAIL	FAIL	3527	
C-280	C-86	C-86	C-313	FAIL	C-69	
C-86	C-69	C-17	C-280	FAIL	C-69	
C-342	C-86	C-136	C-136	C-21	C-21	
1525	FAIL	FAIL	FAIL	FAIL	FAIL	
C-313	FAIL	C-64	C-69	FAIL	C-17	
C-259	C-40	C-40	C-40	FAIL	C-32	
C-265	C-86	C-263	C-263	FAIL	C-64	
C-48	FAIL	FAIL	FAIL	FAIL	C-181	
C-251	FAIL	FAIL	FAIL	FAIL	C-259	
C-64	C-263	C-263	C-263	FAIL	C-414	
C-365	FAIL	C-393	C-280	FAIL	C-393	
C-129	C-296	C-127	C-127	FAIL	C-127	
C-303	FAIL	C-64	C-32	FAIL	C-414	
C-227	FAIL	FAIL	FAIL	FAIL	C-259	
C-127	C-48	C-296	C-129	FAIL	C-296	
C-271	C-365	C-393	C-365	FAIL	C-393	
C-136	C-86	C-21	C-263	FAIL	C-21	
3419	3423	FAIL	777	FAIL	FAIL	
C-263	C-265	C-136	C-265	FAIL	C-64	
1503	FAIL	FAIL	FAIL	FAIL	FAIL	
C-40	C-32	C-251	C-259	FAIL	C-259	
C-296	C-127	C-127	C-129	C-127	C-127	
3545	FAIL	FAIL	FAIL	FAIL	FAIL	
C-69	C-313	C-86	C-280	C-313	C-17	
2095	FAIL	FAIL	FAIL	FAIL	3980	
C-130	C-313	C-303	C-303	FAIL	C-414	
C-17	C-86	C-86	C-313	FAIL	C-69	
C-32	FAIL	FAIL	FAIL	FAIL	C-259	
1102	69	69	69	69	FAIL	
C-181	FAIL	C-48	C-303	FAIL	C-48	
C-21	C-136	C-136	C-136	C-342	C-136	
1860	FAIL	FAIL	FAIL	FAIL	FAIL	
2711	3955	2764	2763	FAIL	2700	
3279	3301	3301	1703	FAIL	3980	
1610	FAIL	FAIL	FAIL	FAIL	1570	
3966	3452	3452	682	FAIL	FAIL	
3606	FAIL	FAIL	FAIL	FAIL	1905	
C-239	C-313	C-387	C-387	FAIL	C-387	
C-387	FAIL	C-239	C-239	FAIL	C-239	
2960	FAIL	FAIL	FAIL	FAIL	FAIL	
3338	3518	777	1703	FAIL	3595	
C-393	C-271	C-365	C-271	FAIL	C-271	
C-500	C-387	C-239	C-239	FAIL	C-387	
3970	FAIL	FAIL	FAIL	FAIL	FAIL	
170	1102	69	2650	69	FAIL	
2693	FAIL	FAIL	FAIL	FAIL	2794	
2311	FAIL	FAIL	FAIL	FAIL	2272	
3676	FAIL	FAIL	FAIL	FAIL	FAIL	
3527	3536	3536	S-99	FAIL	FAIL	
2700	2764	2764	2764	FAIL	2711	
4004	FAIL	FAIL	FAIL	FAIL	1176	
3980	FAIL	FAIL	FAIL	FAIL	3279	
3129	FAIL	FAIL	FAIL	FAIL	FAIL	
1770	FAIL	FAIL	FAIL	FAIL	FAIL	
3341	FAIL	FAIL	FAIL	FAIL	FAIL	
1716	FAIL	FAIL	FAIL	FAIL	FAIL	
3955	FAIL	2764	FAIL	FAIL	3536	
1705	FAIL	FAIL	FAIL	FAIL	FAIL	
3234	3230	3386	3235	FAIL	FAIL	
1915	3342	FAIL	FAIL	FAIL	743	
3935	FAIL	FAIL	2168	FAIL	FAIL	
3301	3279	3341	3279	FAIL	FAIL	
3230	3234	3234	3234	FAIL	FAIL	
2168	FAIL	FAIL	FAIL	FAIL	FAIL	
3729	FAIL	FAIL	FAIL	FAIL	FAIL	
2831	FAIL	FAIL	FAIL	FAIL	FAIL	
1739	FAIL	FAIL	FAIL	FAIL	FAIL	
1182	FAIL	FAIL	FAIL	FAIL	3680	
1502	3121	3121	3121	3121	FAIL	
1531	3518	1534	3338	FAIL	3518	
777	FAIL	FAIL	FAIL	FAIL	FAIL	
845	FAIL	FAIL	FAIL	FAIL	FAIL	
533	FAIL	FAIL	FAIL	FAIL	FAIL	
3448	FAIL	FAIL	FAIL	FAIL	FAIL	
679	FAIL	FAIL	FAIL	FAIL	FAIL	
3211	168	1102	170	FAIL	2650	
2763	3955	710	2764	FAIL	2711	
3231	FAIL	FAIL	FAIL	FAIL	3386	
3316	FAIL	FAIL	FAIL	FAIL	FAIL	
3423	3676	944	3129	FAIL	3129	
3349	3211	FAIL	FAIL	FAIL	FAIL	
1165	FAIL	FAIL	FAIL	FAIL	FAIL	
2794	FAIL	FAIL	FAIL	FAIL	2711	
3386	FAIL	FAIL	FAIL	FAIL	FAIL	
3384	FAIL	FAIL	FAIL	FAIL	3230	
3345	FAIL	FAIL	FAIL	FAIL	FAIL	
3679	FAIL	FAIL	FAIL	FAIL	3680	
3342	3122	3340	3384	FAIL	FAIL	
1661	1386	270	270	1386	1382	
3518	FAIL	FAIL	FAIL	FAIL	FAIL	
1386	1382	1661	1661	3386	FAIL	
C-414	C-303	C-48	C-303	FAIL	C-303	
3444	FAIL	FAIL	FAIL	FAIL	FAIL	
3594	3353	FAIL	1874	FAIL	3353	
2272	2909	2909	2909	FAIL	2279	
3220	FAIL	FAIL	FAIL	FAIL	FAIL	
3353	3594	747	3594	FAIL	FAIL	
270	1382	3386	1661	FAIL	1382	
1774	FAIL	FAIL	FAIL	FAIL	FAIL	
3447	FAIL	FAIL	FAIL	FAIL	FAIL	
3600	FAIL	FAIL	FAIL	FAIL	1165	
3680	FAIL	FAIL	FAIL	FAIL	FAIL	
1740	FAIL	FAIL	FAIL	FAIL	FAIL	
1382	3518	3386	4004	FAIL	FAIL	
3595	FAIL	FAIL	FAIL	FAIL	777	
1556	3234	3230	3384	FAIL	3230	
644	FAIL	1543	777	FAIL	1538	
1324	FAIL	FAIL	FAIL	FAIL	FAIL	
706	FAIL	FAIL	FAIL	FAIL	FAIL	
654	FAIL	FAIL	FAIL	FAIL	FAIL	
176	3211	69	3211	FAIL	2650	
3431	1525	777	1525	FAIL	FAIL	
3121	1502	1502	1502	FAIL	3680	
2065	3340	1936	FAIL	FAIL	1936	
3609	FAIL	FAIL	FAIL	FAIL	FAIL	
1534	1531	3518	3518	FAIL	3518	
3122	4004	1174	1174	FAIL	FAIL	
710	FAIL	FAIL	FAIL	FAIL	FAIL	
1717	2647	FAIL	2647	FAIL	FAIL	
655	FAIL	FAIL	FAIL	FAIL	FAIL	
2942	644	3676	3676	FAIL	3676	
174	FAIL	FAIL	FAIL	FAIL	FAIL	
2909	2906	2906	2906	FAIL	FAIL	
682	3966	1928	3966	FAIL	FAIL	
3452	3966	3966	FAIL	FAIL	FAIL	
2907	2311	2909	2909	FAIL	2272	
1240	FAIL	FAIL	FAIL	FAIL	FAIL	
3340	3341	3342	4004	FAIL	3342	
1936	FAIL	FAIL	FAIL	FAIL	FAIL	
3356	FAIL	FAIL	FAIL	FAIL	FAIL	
2827	FAIL	FAIL	FAIL	FAIL	FAIL	
69	1102	1102	2650	1102	1102	
743	FAIL	FAIL	FAIL	FAIL	1915	
1570	FAIL	FAIL	FAIL	FAIL	FAIL	
1905	FAIL	FAIL	FAIL	FAIL	FAIL	
747	FAIL	3594	3594	FAIL	FAIL	
2798	3345	3345	710	FAIL	2711	
3640	FAIL	FAIL	FAIL	FAIL	1570	
3013	FAIL	FAIL	FAIL	FAIL	FAIL	
2985	FAIL	FAIL	FAIL	FAIL	1165	
2100	1702	1699	1699	FAIL	1543	
1939	FAIL	FAIL	FAIL	FAIL	FAIL	
944	FAIL	S-59	760	FAIL	FAIL	
3235	FAIL	FAIL	FAIL	FAIL	FAIL	
746	FAIL	FAIL	FAIL	FAIL	FAIL	
1877	FAIL	FAIL	FAIL	FAIL	1944	
1845	FAIL	FAIL	FAIL	FAIL	FAIL	
2650	176	69	170	69	1102	
1702	2100	777	3375	FAIL	1699	
1285	FAIL	4004	FAIL	FAIL	FAIL	
2906	2909	2909	2909	FAIL	2907	
1162	FAIL	FAIL	FAIL	FAIL	FAIL	
1853	FAIL	FAIL	FAIL	FAIL	FAIL	
1699	2100	3518	2100	FAIL	1702	
1314	FAIL	FAIL	FAIL	FAIL	FAIL	
2647	FAIL	FAIL	FAIL	FAIL	FAIL	
1874	FAIL	FAIL	FAIL	FAIL	1946	
1653	FAIL	FAIL	FAIL	FAIL	FAIL	
1590	FAIL	FAIL	FAIL	FAIL	644	
1678	FAIL	FAIL	FAIL	FAIL	FAIL	
168	1102	69	170	3211	2650	
1676	FAIL	FAIL	FAIL	FAIL	1678	
1703	FAIL	FAIL	FAIL	FAIL	FAIL	
1928	FAIL	FAIL	FAIL	FAIL	FAIL	
821	743	1936	743	3386	743	
1582	FAIL	FAIL	FAIL	FAIL	FAIL	
2657	FAIL	FAIL	FAIL	FAIL	1314	
1174	3122	4004	3340	FAIL	FAIL	
2207	FAIL	FAIL	FAIL	FAIL	FAIL	
1176	4004	4004	1915	FAIL	4004	
618	FAIL	FAIL	FAIL	FAIL	FAIL	
3375	FAIL	FAIL	FAIL	FAIL	FAIL	
596	FAIL	FAIL	FAIL	FAIL	3356	
1677	FAIL	FAIL	FAIL	FAIL	FAIL	
760	FAIL	FAIL	FAIL	FAIL	FAIL	
1944	FAIL	FAIL	FAIL	FAIL	1877	
1543	FAIL	FAIL	FAIL	FAIL	FAIL	
1850	FAIL	FAIL	FAIL	FAIL	FAIL	
1089	FAIL	FAIL	FAIL	FAIL	FAIL	
2279	2909	2906	2909	FAIL	2272	
1946	FAIL	FAIL	FAIL	FAIL	FAIL	
1679	2100	3518	2100	FAIL	1702	
1538	1590	644	3431	FAIL	1590	
3357	FAIL	FAIL	FAIL	FAIL	3966	
1540	644	644	644	FAIL	FAIL	
3519	3342	3342	743	FAIL	FAIL	
